1,Book Number 1,No,
2,Book Number 2,No,
3,Book Number 3,No,
4,Book Number 4,No,
5,Book Number 5,No,
6,Book Number 6,No,
7,Book Number 7,No,
8,Book Number 8,No,
9,Book Number 9,No,
10,Book Number 10,No,
11,Book Number 11,No,
12,Book Number 12,No,
13,Book Number 13,No,
14,Book Number 14,No,
15,Book Number 15,No,
16,Book Number 16,No,
17,Book Number 17,No,
18,Book Number 18,No,
19,Book Number 19,No,
20,Book Number 20,No,
21,Book Number 21,No,
22,Book Number 22,No,
23,Book Number 23,No,
24,Book Number 24,No,
25,Book Number 25,No,
26,Book Number 26,No,
27,Book Number 27,No,
28,Book Number 28,No,
29,Book Number 29,No,
30,Book Number 30,No,
31,Book Number 31,No,
32,Book Number 32,No,
33,Book Number 33,No,
34,Book Number 34,No,
35,Book Number 35,No,
36,Book Number 36,No,
37,Book Number 37,No,
38,Book Number 38,No,
39,Book Number 39,No,
40,Book Number 40,No,
41,Book Number 41,No,
42,Book Number 42,No,
43,Book Number 43,No,
44,Book Number 44,No,
45,Book Number 45,No,
46,Book Number 46,No,
47,Book Number 47,No,
48,Book Number 48,No,
49,Book Number 49,No,
50,Book Number 50,No,
51,Book Number 51,No,
52,Book Number 52,No,
53,Book Number 53,No,
54,Book Number 54,No,
55,Book Number 55,No,
56,Book Number 56,No,
57,Book Number 57,No,
58,Book Number 58,No,
59,Book Number 59,No,
60,Book Number 60,No,
61,Book Number 61,No,
62,Book Number 62,No,
63,Book Number 63,No,
64,Book Number 64,No,
65,Book Number 65,No,
66,Book Number 66,No,
67,Book Number 67,No,
68,Book Number 68,No,
69,Book Number 69,No,
70,Book Number 70,No,
71,Book Number 71,No,
72,Book Number 72,No,
73,Book Number 73,No,
74,Book Number 74,No,
75,Book Number 75,No,
76,Book Number 76,No,
77,Book Number 77,No,
78,Book Number 78,No,
79,Book Number 79,No,
80,Book Number 80,No,
81,Book Number 81,No,
82,Book Number 82,No,
83,Book Number 83,No,
84,Book Number 84,No,
85,Book Number 85,No,
86,Book Number 86,No,
87,Book Number 87,No,
88,Book Number 88,No,
89,Book Number 89,No,
90,Book Number 90,No,
91,Book Number 91,No,
92,Book Number 92,No,
93,Book Number 93,No,
94,Book Number 94,No,
95,Book Number 95,No,
96,Book Number 96,No,
97,Book Number 97,No,
98,Book Number 98,No,
99,Book Number 99,No,
100,Book Number 100,No,
101,Book Number 101,No,
102,Book Number 102,No,
103,Book Number 103,No,
104,Book Number 104,No,
105,Book Number 105,No,
106,Book Number 106,No,
107,Book Number 107,No,
108,Book Number 108,No,
109,Book Number 109,No,
110,Book Number 110,No,
111,Book Number 111,No,
112,Book Number 112,No,
113,Book Number 113,No,
114,Book Number 114,No,
115,Book Number 115,No,
116,Book Number 116,No,
117,Book Number 117,No,
118,Book Number 118,No,
119,Book Number 119,No,
120,Book Number 120,No,
121,Book Number 121,No,
122,Book Number 122,No,
123,Book Number 123,No,
124,Book Number 124,No,
125,Book Number 125,No,
126,Book Number 126,No,
127,Book Number 127,No,
128,Book Number 128,No,
129,Book Number 129,No,
130,Book Number 130,No,
131,Book Number 131,No,
132,Book Number 132,No,
133,Book Number 133,No,
134,Book Number 134,No,
135,Book Number 135,No,
136,Book Number 136,No,
137,Book Number 137,No,
138,Book Number 138,No,
139,Book Number 139,No,
140,Book Number 140,No,
141,Book Number 141,No,
142,Book Number 142,No,
143,Book Number 143,No,
144,Book Number 144,No,
145,Book Number 145,No,
146,Book Number 146,No,
147,Book Number 147,No,
148,Book Number 148,No,
149,Book Number 149,No,
150,Book Number 150,No,
151,Book Number 151,No,
152,Book Number 152,No,
153,Book Number 153,No,
154,Book Number 154,No,
155,Book Number 155,No,
156,Book Number 156,No,
157,Book Number 157,No,
158,Book Number 158,No,
159,Book Number 159,No,
160,Book Number 160,No,
161,Book Number 161,No,
162,Book Number 162,No,
163,Book Number 163,No,
164,Book Number 164,No,
165,Book Number 165,No,
166,Book Number 166,No,
167,Book Number 167,No,
168,Book Number 168,No,
169,Book Number 169,No,
170,Book Number 170,No,
171,Book Number 171,No,
172,Book Number 172,No,
173,Book Number 173,No,
174,Book Number 174,No,
175,Book Number 175,No,
176,Book Number 176,No,
177,Book Number 177,No,
178,Book Number 178,No,
179,Book Number 179,No,
180,Book Number 180,No,
181,Book Number 181,No,
182,Book Number 182,No,
183,Book Number 183,No,
184,Book Number 184,No,
185,Book Number 185,No,
186,Book Number 186,No,
187,Book Number 187,No,
188,Book Number 188,No,
189,Book Number 189,No,
190,Book Number 190,No,
191,Book Number 191,No,
192,Book Number 192,No,
193,Book Number 193,No,
194,Book Number 194,No,
195,Book Number 195,No,
196,Book Number 196,No,
197,Book Number 197,No,
198,Book Number 198,No,
199,Book Number 199,No,
200,Book Number 200,No,
